,title,keyword
0,방통기자재 성적서 위조 381곳 적발…DJI·화웨이·삼성전자 등,삼성전자
1,[종합] 시험성적위조 전파인증 논란…삼성·화웨이 가해자·피해자?,삼성전자
2,"오프라 윈프리, 연말 선물로 삼성전자 더 테라스 TV 추천",삼성전자
3,"삼성전자 미생물 시험소 확보, 제품 냄새·곰팡이까지 잡는다",삼성전자
4,"삼성, 미국서 애플 제쳤다…3분기 스마트폰 1위",삼성전자
5,"삼성, 美 스마트폰 시장서 애플 제치고 3년 만에 1위",삼성전자
6,'삼성준법위' 평가할 심리위 구성 마무리…·홍순탁·김경수 추가,삼성전자
7,"삼성, '애플 본진' 북미서 3분기 스마트폰 1위",삼성전자
8,"삼성전자, TV판 언팩 '퍼스트룩' 온라인으로 만난다",삼성전자
9,"삼성보다 앞섰다…미국 마이크론, 176단 낸드 양산 발표",삼성전자
10,"특검-삼성, '삼성 준법감시 평가' 전문심리위원 지정 두고 반발…法, 한때 휴...",삼성전자
11,"삼성전자, 곰팡이·알레르기 없는 가전 만든다",삼성전자
12,"삼성, 3분기 미국 스마트폰 시장 1위...LG는 3위",삼성전자
13,"삼성보다 앞섰다…미국 마이크론, 176단 낸드 양산 발표",삼성전자
14,"IBM, 통신산업 전용 클라우드 발표…삼성 등 30여개 파트너와 협력",삼성전자
15,"삼성전자, 세균도 잡는다…'에코라이프랩' 미생물 시험소 인증",삼성전자
16,"이재용, ‘국정농단’ 재판 출석…‘삼성 준법감시위’ 평가단 구성",삼성전자
17,삼성을 이어받기 위한 이재용의 험난한 모험,삼성전자
18,"삼성전자 ‘에코라이프랩’, 미생물 시험소로 지정…국제 표준 인증 획득",삼성전자
19,'삼성 준법감시' 전문위원단 구성…특검-재판부 또 충돌(종합),삼성전자
20,"검찰, '삼성바이오 분식회계' 의혹 삼정회계법인 기소",삼성전자
21,"특허청, 삼성전자 관련 협력업체 간 특허 탈취 의혹 수사 착수",삼성전자
22,"美 바이든 시대, 삼성·LG·SK 큰손 '反 화웨이 전략' 유지할까",삼성전자
23,이재용 삼성전자 부회장 '국정농단 파기환송심' 재판 출석,삼성전자
24,삼성폰 미국서 1위…13분기만에 애플 꺾어,삼성전자
25,"인간 수준 AI 가능하냐고요? 삼성 부사장은 ""YES""",삼성전자
26,"삼성, 13분기 만에 美서 애플 제치고 1위…화웨이도 멀찍이",삼성전자
27,"'사법 리스크' 희비 갈린 삼성그룹주.. 삼성전자↑, 삼성바이오로직스↓",삼성전자
28,"삼성전자, 창립 51주년 기념식 진행",삼성전자
29,[Who Is ?] 진교영 삼성전자 메모리사업부장 사장,삼성전자
30,"삼성전자, 글로벌 협력사 통합 지원 플랫폼 개설",삼성전자
31,삼성·SK 등 수출기업 환율비상…수천억 날아갈판,삼성전자
32,[오늘 기업 오늘 사람] 넥스테라·삼성·쌍용차·포스코,삼성전자
33,"""ICT기업보다 더 ICT답게"" 약속 지킨 정의선…현대차·삼성 최강조합 나올까 ...",삼성전자
34,"외국매체 ""삼성전자, 화웨이 점유율 차지 위해 갤럭시S21 조기출시""",삼성전자
35,한국의 삼성을 세계의 삼성으로 만든 이건희,삼성전자
36,"삼성전자, 3분기 미국 스마트폰 시장 점유율 3년만에 1위",삼성전자
37,삼성전자 '에코라이프랩' 독일 인증기관서 미생물 시험소 인증,삼성전자
38,"삼성전자, 글로벌 인증기관에서 미생물 검증 전문성 인정 받아",삼성전자
39,삼성전자 ‘에코라이프랩’ 글로벌 인증기관서 미생물 시험소 인증,삼성전자
40,"용인시 기흥구, 삼성전자 기흥캠퍼스 내 현장민원실 이전",삼성전자
41,"삼성전자 주가 제자리걸음, SK하이닉스 주가는 소폭 상승",삼성전자
42,삼성전자 ‘에코라이프랩’ 미생물 시험소로 인증,삼성전자
43,"""'삼성생명법' 역점법안이라 하기엔 생각차 있어"" [인터뷰]",삼성전자
44,"삼성전자, 글로벌 인증기관에서 미생물 시험소 인증",삼성전자
45,"이재용 삼성전자 부회장, 국정농단 재판 출석",삼성전자
46,"이재용, ‘국정농단’ 재판 출석…‘삼성 준법감시위’ 평가단 구성",삼성전자
47,"삼성전자 '에코라이프랩', 글로벌 인증기관서 미생물 시험소 인증",삼성전자
48,"이재용, ‘국정농단’ 재판 출석…‘삼성 준법감시위’ 평가단 구성",삼성전자
49,이재용 삼성 부회장 오늘 '국정농단' 재판 나온다,삼성전자
50,이재용 삼성전자 부회장 파기환송심 출석…10개월 만에 법정 선다,삼성전자
51,삼성·현대차·SK·LG 총수 '비공개 회동' 어떤 이야기 오갔나?,삼성전자
52,"삼성전자 '에코라이프랩', 글로벌 인증기관에서 미생물 시험소 인증",삼성전자
53,"""곰팡이·알레르기 OUT""...삼성전자 미생물 시험소 인증",삼성전자
54,오프라 윈프리의 추천 연말선물에 삼성 TV가…어떤 제품?,삼성전자
55,"검찰, 삼성바이오로직스 '분식회계' 가담 회계법인 기소",삼성전자
56,"삼성전자 '에코라이프랩', 글로벌 인증기관에서 미생물 시험소 인증",삼성전자
57,"삼성전자 '에코라이프랩', 글로벌 인증기관에서 미생물 시험소 인증",삼성전자
58,이재용 10개월만에 파기환송심 출두…사법리스크 재개된 삼성,삼성전자
59,삼성 준법감시위 '심리위원' 놓고 특검-재판부 또 충돌,삼성전자
60,"검찰, ‘삼성바이오 분식회계’ 의혹 삼정회계법인 기소",삼성전자
61,법원 도착한 이재용 삼성전자 부회장,삼성전자
62,화웨이·삼성 등 '방통기자재 성적서위조'국내외 381개업체 적발,삼성전자
63,법정 출석하는 이재용 삼성전자 부회장,삼성전자
64,"삼성전자 '에코라이프랩', 글로벌 인증기관서 미생물 시험소 지정",삼성전자
65,"삼성전자, 3분기 美서 스마트폰 점유율 1위 탈환…13분기 만에 애플 제쳐",삼성전자
66,"삼성전자 에코라이프랩, 독일 TUV 라인란드서 'ISO 22196·846' 인증 획득",삼성전자
67,"바이든 ""반도체 생산에 미국인 투입""…삼성 美 파운드리 영토 더 넓힌다",삼성전자
68,법원 출석하는 이재용 삼성전자 부회장,삼성전자
69,"삼성 스마트폰, 3년만에 '미국 시장 1위' 탈환",삼성전자
70,삼성전자 주가따라 채권 비중 조절… 연 4~5% 수익률 추구 [이런 펀드 어때요...,삼성전자
71,"애플 제친 삼성, 美 스마트폰 시장서 1위",삼성전자
72,법정 향하는 박상진 전 삼성전자 사장,삼성전자
73,법정 향하는 박상진 전 삼성전자 사장,삼성전자
74,파기환송심 공판 출석하는 황성수 전 삼성전자 전무,삼성전자
75,"[베타 투자리포트] 테스나, 삼성전자 비메모리 사업 확대 수혜주",삼성전자
76,"삼성전자 에코라이프랩, 항균ㆍ항곰팡이 공신력 인정…미생물 시험소 인증",삼성전자
77,국정농단 파기환송심 출석하는 삼성 사장단,삼성전자
78,파기환송심 재판 출석하는 박상진 전 삼성전자 사장,삼성전자
79,'방통기자재 성적서위조'국내외 381개업체 적발…삼성·화웨이 포함,삼성전자
80,황성수 전 삼성전자 전무 법원 도착,삼성전자
81,황성수 전 삼성전자 전무 법정 출석,삼성전자
82,박상진 삼성전자 사장 법원 도착,삼성전자
83,박상진 전 삼성전자 사장 법정 출석,삼성전자
84,이재용 삼성전자 부회장 법원 도착,삼성전자
85,박상진 전 삼성전자 사장 '법정으로',삼성전자
86,이재용 삼성전자 부회장 법원 출석[포토],삼성전자
87,이재용 삼성전자 부회장 법원 출석해[포토],삼성전자
88,"삼성전자, 3분기 애플 제치고 美 스마트폰 시장 1위",삼성전자
89,이재용 삼성전자 부회장 '법정으로',삼성전자
90,바이드노믹스 효과…삼성·LG그룹 웃다,삼성전자
91,법원 나서는 이재용 삼성전자 부회장,삼성전자
92,공판 출석하는 황성수 전 삼성전자 전무,삼성전자
93,법정 향하는 황성수 전 삼성전자 전무,삼성전자
94,삼성폰 갤럭시S10 4G·5G 재고정리 수순…아이폰X·XR 공짜폰 진행,삼성전자
95,공판 출석하는 박상진 전 삼성전자 사장,삼성전자
96,법정 출석하는 이재용 삼성전자 부회장,삼성전자
97,이재용 삼성전자 부회장 파기환송심 재판에 출석,삼성전자
98,이재용 삼성전자 부회장 5차 공판 종료,삼성전자
99,5차 공판 마친 이재용 삼성전자 부회장,삼성전자
100,"삼성전자 '에코라이프랩', 글로벌 인증기관에서 미생물 시험소 인증",삼성전자
101,"인간 수준 AI 가능하냐고요? 삼성 부사장은 ""YES""",삼성전자
102,"삼성, 13분기 만에 美서 애플 제치고 1위…화웨이도 멀찍이",삼성전자
103,"오프라 윈프리·마사 스튜어트 추천한 연말 선물, 삼성전자 더 테라스 TV",삼성전자
104,"'사법 리스크' 희비 갈린 삼성그룹주.. 삼성전자↑, 삼성바이오로직스↓",삼성전자
105,"삼성전자, TUV라인란드 미생물 시험소 지정",삼성전자
106,"삼성전자, 창립 51주년 기념식 진행",삼성전자
107,[Who Is ?] 진교영 삼성전자 메모리사업부장 사장,삼성전자
108,'삼성 준법감시 평가' 전문위원에 홍순탁·김경수 지정,삼성전자
109,"삼성, 미국 스마트폰시장 1위…3년만에 애플 제쳐",삼성전자
110,'삼성 준법감시 평가' 전문위원에 홍순탁·김경수 지정,삼성전자
111,"삼성, 미국 스마트폰시장 1위…3년만에 애플 제쳐",삼성전자
112,"삼성, 美 스마트폰 시장서 애플 제치고 ‘1위’",삼성전자
113,"삼성전자 '에코라이프랩', 글로벌 인증기관에서 미생물 시험소 인증",삼성전자
114,"삼성전자 ‘에코라이프랩’, 미생물 시험소 인증 획득",삼성전자
115,‘삼성 준법감시 점검’ 전문심리위원에 강일원·홍순탁·김경수 지정,삼성전자
116,"삼성전자 '에코라이프랩', 글로벌 인증기관에서 미생물 시험소 인증",삼성전자
117,삼성전자 '에코라이프랩' 글로벌 인증기관서 미생물 시험소 인증,삼성전자
118,"삼성전자, 글로벌 협력사 통합 지원 플랫폼 개설",삼성전자
119,삼성·SK 등 수출기업 환율비상…수천억 날아갈판,삼성전자
120,"삼성전자 에코라이프랩, 글로벌 미생물 시험소 지정",삼성전자
121,삼성전자 '에코라이프랩' 글로벌 인증기관서 미생물 시험소 인증,삼성전자
122,"삼성전자, 글로벌 협력사 통합 지원 플랫폼 개설",삼성전자
123,삼성·SK 등 수출기업 환율비상…수천억 날아갈판,삼성전자
124,아이폰철에 애플 제친 삼성…3년 만에 미국 시장 1위,삼성전자
125,"삼성전자, 3년 만에 미국 시장 1위...아이폰12 제친 갤노트20",삼성전자
126,화웨이·삼성 등 국내외 381개 업체 '방통기자재 성적서 위조' 적발,삼성전자
127,재판부 '삼성 준법감시 평가' 전문위원 지정…양측 반발,삼성전자
128,[기업] 삼성전자 '에코 라이프 랩' 미생물 시험소 인증받아,삼성전자
129,"삼성전자 ‘에코라이프랩’, 미생물 시험소 인증",삼성전자
130,"삼성전자, 글로벌 인증기관서 ‘미생물 시험소’ 인증",삼성전자
131,재판부 '삼성 준법감시 평가' 전문위원 지정…양측 반발,삼성전자
132,[기업] 삼성전자 '에코 라이프 랩' 미생물 시험소 인증받아,삼성전자
133,화웨이·삼성 등 '방통기자재 성적서 위조' 국내외 381개 업체 적발,삼성전자
134,"삼성전자 ‘에코라이프랩’, 미생물 시험소 인증",삼성전자
135,"삼성전자 에코라이프랩, 미생물 시험소 지정",삼성전자
136,[오늘 기업 오늘 사람] 넥스테라·삼성·쌍용차·포스코,삼성전자
137,"삼성, 미국 3분기 스마트폰 시장 1위... 3년 만에 애플 이겼다",삼성전자
138,이재용 부회장 이어 ‘삼성바이오(삼바) 분식회계’ 의혹 회계사도 기소,삼성전자
139,"삼성, 美 스마트폰 시장 3년 만에 1위",삼성전자
140,"삼성전자 에코라이프랩, 미생물 시험소 지정",삼성전자
141,"삼성전자 '에코라이프랩', 글로벌 인증기관에서 미생물 시험소 인증",삼성전자
142,[오늘 기업 오늘 사람] 넥스테라·삼성·쌍용차·포스코,삼성전자
143,"삼성, 미국 3분기 스마트폰 시장 1위... 3년 만에 애플 이겼다",삼성전자
144,이재용 부회장 이어 ‘삼성바이오(삼바) 분식회계’ 의혹 회계사도 기소,삼성전자
145,"삼성, 美 스마트폰 시장 3년 만에 1위",삼성전자
146,삼성 준법감시위 심리위원 홍순탁·김경수 추가 지정,삼성전자
147,"오프라 윈프리, 연말 선물에 삼성전자 더 테라스 TV 추천",삼성전자
148,"삼성, '애플'의 땅 미국서 아이폰 제치고 1위… 3분기 처음",삼성전자
149,‘삼성 준법감시위’ 평가 돌입…실효성 인정받을까,삼성전자
150,"삼성전자, 미국서 3년 만에 애플 제쳤다",삼성전자
151,"삼성, '애플'의 땅 미국서 아이폰 제치고 1위… 3분기 처음",삼성전자
152,‘삼성 준법감시위’ 평가 돌입…실효성 인정받을까,삼성전자
153,"삼성전자 '에코라이프랩', 글로벌 인증기관 미생물 시험소 인증",삼성전자
154,"“삼성·SK보다 높다”…美 마이크론, 176단 낸드 출시",삼성전자
155,"삼성전자, 3분기 미국 스마트폰 시장 1위…애플 제쳤다",삼성전자
156,"삼성전자, 항균·항곰팡이 성능 공신력 확보",삼성전자
157,"재판부, 삼성준법감시위 전문심리위원 '강일원·김경수·홍순탁' 지정",삼성전자
158,'삼성준법감시위' 참여연대 인사 추천한 박영수 특검… 삼성 추천인사엔 '몽니...,삼성전자
159,"애플 안방서 ‘반짝’ 1위 삼성폰, 4분기는?",삼성전자
160,"재판부, 삼성준법감시위 전문심리위원 '강일원·김경수·홍순탁' 지정",삼성전자
161,"삼성전자 '에코라이프랩', 글로벌 인증기관에서 미생물 시험소 인증",삼성전자
162,'삼성준법감시위' 참여연대 인사 추천한 박영수 특검… 삼성 추천인사엔 '몽니...,삼성전자
163,삼성전자 에코라이프랩. 글로벌 인증기관서 '미생물 시험소' 인증,삼성전자
164,"3년 만에 미국서 애플 제친 삼성전자, 3분기 스마트폰 1위",삼성전자
165,"애플 안방서 ‘반짝’ 1위 삼성폰, 4분기는?",삼성전자
166,"""ICT기업보다 더 ICT답게"" 약속 지킨 정의선…현대차·삼성 최강조합 나올까 ...",삼성전자
167,"과기정통부, DJI·화웨이·삼성전자 등 방송통신기자재 시험성적서 위조 적발",삼성전자
168,"삼성전자 에코라이프랩, 글로벌 인증기관서 미생물 시험소 지정",삼성전자
169,"외국매체 ""삼성전자, 화웨이 점유율 차지 위해 갤럭시S21 조기출시""",삼성전자
170,"과기정통부, DJI·화웨이·삼성전자 등 방송통신기자재 시험성적서 위조 적발",삼성전자
171,"삼성전자 에코라이프랩, 글로벌 인증기관에서 미생물 시험소 인증",삼성전자
172,"법원 ""삼성 준법감시委, 유일한 양형요소 아냐""",삼성전자
173,"삼성전자 에코라이프랩, 글로벌 인증기관서 미생물 시험소 지정",삼성전자
174,"외국매체 ""삼성전자, 화웨이 점유율 차지 위해 갤럭시S21 조기출시""",삼성전자
175,한국의 삼성을 세계의 삼성으로 만든 이건희,삼성전자
176,"검찰, ‘삼성바이오 분식회계’ 삼정KPMG 및 회계사 기소",삼성전자
177,"애플 제쳤다…삼성, 美 스마트폰 시장·글로벌 점유율 1위",삼성전자
178,"삼성전자 '에코라이프랩', 미생물 시험소 인증",삼성전자
179,삼성전자 '에코라이프랩' 독일 인증기관서 미생물 시험소 인증,삼성전자
180,"삼성전자 에코라이프랩, 독일 미생물 시험소로 '지정'",삼성전자
181,"삼성전자 '에코라이프랩', 미생물 시험소 인증",삼성전자
182,"삼성전자, 3분기 미국 스마트폰 시장 점유율 3년만에 1위",삼성전자
183,삼성전자 '에코라이프랩' 독일 인증기관서 미생물 시험소 인증,삼성전자
184,"삼성, 애플 제치고 미국 시장 1위... 2017년 2분기 이후 3년만",삼성전자
185,‘삼성 준법감시위’ 평가 전문위원에 강일원-홍순탁-김경수 지정,삼성전자
186,"검찰, '삼성바이오 회계부정' 삼정회계법인·회계사 기소",삼성전자
187,"삼성, 애플 제치고 3년 만에 美 스마트폰 시장 1위...점유율 34%",삼성전자
188,"삼성전자 '에코라이프랩', 글로벌 인증기관에서 미생물 시험소 인증",삼성전자
189,무노조 경영 종식 선언에도..삼성 노사관계 ‘파열음’ 지속,삼성전자
