,title
0,"한미약품, 내년 R&D 모멘텀 존재…목표주가 ↑-하나금융"
1,"한미약품, 실적 불확실성 해소…내년 신약 탄생 기대-신영"
2,"[TF특징주] 한미약품, 신약 FDA 승인 기대감에 '상승'"
3,"[하이&로우] ""한미약품, 사노피 계약종료에도 다양한 모멘텀 유효""-삼성증권"
4,"한미약품, 제텐-씨 리뉴얼 출시"
5,"한미약품, FDA 희귀약 지정 최다...LG화학·신라젠도 개발경쟁 가세"
6,"한미약품 3분기 적자전환...""사노피 기술수출 해지 영향"""
7,"한미약품, 3분기 매출 컨센서스 부합"
8,유한·녹십자·종근당·한미 올해도 1조 넘어선다
9,한미약품 3분기 영업손실 323억원…적자 전환
10,"“아연과 비타민의 만남”…한미약품, 제텐-씨 리뉴얼 출시"
11,한미약품 글로벌 스탠더드 지속가능경영대상 수상
12,먹고 바르는 치질 치료 제안… 한미약품 ‘치쏙’ 라인업 완성
13,[코스피·코스닥 30일 주요 공시] 한미약품 3분기 영업손실 323억원…적자 전...
14,"한미약품, 사노피 권리반환 영업․순이익 적전"
15,"한미약품, 기억력·혈행 개선 건기식 '한미 오메가3맥스' 출시"
16,"한미약품, 3분기 영업손실 323억원…전년比 적자전환"
17,"[하이&로우] ""한미약품, 사노피 계약종료에도 다양한 모멘텀 유효""-삼성증권"
18,"'점유율 8%'...한미·종근당, '베타미가' 제네릭 침투 시동"
19,혈액순환 효과 '한미 오메가3맥스' 출시
20,한미약품 '텐텐' 성장기 어린이 위한 종합 영양제
21,간암약 1위 넥사바 첫 제네릭 허가… 한미약품 '소라닙' 우판권 획득
22,"한미약품, 간암치료제 '소라닙정' 품목 허가"
23,"안국약품, 유창수 이사 등 영입"
24,"올해 3분기, 유한양행·종근당 ‘웃고’...한미·동아에스티 ‘울고’"
25,뉴딜 바이오株 모두 상승...씨젠 셀트리온 한미약품 유한양행 급등
26,"한미약품, 3분기 누적 매출액 7985억원…전년 동기 대비 1.5% 감소"
27,"안국약품, 유창수·김상욱 이사 영입…""2030 뉴비전 달성 박차"""
28,"약세 이어지는 의약품업종, 녹십자·제일약품 '고군분투'"
29,"안국약품, 유창수ㆍ김상욱 이사 신규 영입"
30,씨젠 유한양행 한미약품 셀트리온 상승세...바이오 업종 강세에 뉴딜지수↑
31,희비 갈린 3분기···유한·종근당 '만족' vs 동아·한미·대웅 '주춤'
32,안국약품 '가브스 제네릭' 우판권 효력시점 늦춰지나
33,한미 3Q 매출 2669억… 영업익·순이익 ‘적전’
34,"한미약품·메디톡스·대웅제약, 5년 속앓이 같은 날 끝…19일 최종판결"
35,"한미사이언스, 3분기 영업손실 36억원…적자전환"
36,"제약업계 ‘역대급’ 실적… GC녹십자, 9월까지 매출만 1조"
37,"제약사 3분기 실적, 코로나·기술수출이 갈랐다"
38,[데스크리포트] 11월 기업 동향과 전망-제약바이오
39,"'먹는' 치질약으로 시장 재편, 동국제약 '치센' 우뚝"
40,"[빅데이터MSI]시장심리 톱5, 녹십자·대우조선해양·KB금융·효성·삼성SDI"
41,"매출 상위권 4개 제약사, MBN 지분 1.82% 보유했다"
42,H2길항제 처방액 60% 급감...보령·동아 등 반사이익
43,"소식없는 국산신약 31호, 제약업계 도전 잰걸음"
44,"6000만명 글로벌 시장 잡아라… K 제약·바이오, 비알콜성 지방간염 치료제 개..."
45,"셀트리온헬스케어, 낮은 커뮤니티지수 보이며 선두권 진입 실패... 2020년 10..."
46,"국내 제약 트렌드, 3분기 실적으로 봤더니…"
47,"올해 3분기 제약 영업, 코로나19 영향 제한적"
48,'라니티딘 쇼크 1년' 항궤양제 요동...PPI 처방 26%↑
49,"[증시 마감] 코스피, 2340선 상승 마감…""기관·순매수 지수 견인"""
50,"""美 대선 D-1""...코스피 상승, 車 · 바이오 · 철강 · 은행주 '급등'"
51,"""바이오시대 개막?"" 올해 셀트리온 매출, 제약 1위 유한양행 넘길 듯"
52,신규확진 97명·6일만에 두자리…핼러윈영향 반영 안 돼
53,"AZ, 포시가 물질특허 무효취소 소송 敗…“특허법원 심결 유감”"
54,SK이노베이션 290억원 영업적자
55,제약과 바이오업계의 다양한 뉴스와 최신 이슈
56,"K-바이오, 기술수출로 5년간 33조 벌고…9조 뱉어냈다"
57,"[제약 바이오 이모저모] 삼성바이오로직스, 해외 첫 진출"
58,"13개 제약사, 포시가 우판권 지켰다…특허소송 2심 승소"
59,제네릭 등장 5년...오메가3 의약품 처방액 2배 늘었다
60,3일 코스피 개인 순매매 상위종목(확정)
61,"코스피, 1.88% 오른 2343.31 마감...반도체·제약주 강세"
62,'모 아니면 도'? 3분기 국내 업계 실적 갈리나
63,3일 코스피 외국인 순매매 상위종목(확정)
64,비대면 진료 경증환자 증가 덕분? 고혈압 치료제 성장세 이어져
65,"""美 대선 시작""...코스피 급등, 반도체 · IT · 2차전지 '껑충'"
66,"코로나, 한국증시 '강타'... IT · 車 '급락' vs 삼성SDI · SK바이오팜 '상승..."
67,"[지난주 제약업계 주요이슈]삼성바이오, 美 샌프란시스코 위탁개발 R&D센터 개..."
68,'행정처분 전 밀어내기 영업' 이번엔 그냥 넘어가지 않는다?!
69,[의료기기 오픈이노베이션] J&J 오픈이노베이션 전략
70,시가총액 상위 종목 강세...녹십자 25% 급등하며 5일 연속 상승 '독보적'
71,[개장전] 증권사 추천주(11/2)
72,"[진짜 위기는 4Q] 제약업계, 3분기 호실적 '독보적'…외형성장 이어질 듯"
73,AI가 천기누설한 고성장 '바이오기술'은?
74,'빅카인즈'로 살펴본 상위 제약사 '코로나19 주목도'
75,"[위클리 제약·바이오] 삼성바이오로직스, 미국 CDO 연구센터 개소 外"
76,"서울대, 언택트 학술제 ‘제1회 SNU바이오데이’ 개최…바이오역량 총집결"
77,"[부자들은 경제신문을 읽는다] 삼성전자, 6만원 안착은 언제쯤?"
78,"[어린이 건강기획] ① 본격 등교 시작, 우리 아이 '자가 면역력'은 필수"
79,"KRX BBIG K-뉴딜지수, 10월 한달 6% 이상 급락...코스피 하락폭 두배 넘어"
80,AI가 천기누설한 고성장 '바이오기술'은?
81,'빅카인즈'로 살펴본 상위 제약사 '코로나19 주목도'
82,"[위클리 제약·바이오] 삼성바이오로직스, 미국 CDO 연구센터 개소 外"
83,"업계 고대하던 포시가 특허 2심, 국내사 한번 더 웃었다"
84,"서울대, 언택트 학술제 ‘제1회 SNU바이오데이’ 개최…바이오역량 총집결"
85,"[부자들은 경제신문을 읽는다] 삼성전자, 6만원 안착은 언제쯤?"
86,"[어린이 건강기획] ① 본격 등교 시작, 우리 아이 '자가 면역력'은 필수"
87,"KRX BBIG K-뉴딜지수, 10월 한달 6% 이상 급락...코스피 하락폭 두배 넘어"
88,"녹십자 신풍제약 SK이노베이션 급등, '2차전지·바이오' 테마 강세...박셀바이..."
89,"윤성률 온라인팜(주) 물류 센터장, 국토교통부장관상 수상"
90,AI가 천기누설한 고성장 '바이오기술'은?
91,'빅카인즈'로 살펴본 상위 제약사 '코로나19 주목도'
92,"[위클리 제약·바이오] 삼성바이오로직스, 미국 CDO 연구센터 개소 外"
93,"업계 고대하던 포시가 특허 2심, 국내사 한번 더 웃었다"
94,"서울대, 언택트 학술제 ‘제1회 SNU바이오데이’ 개최…바이오역량 총집결"
95,"[부자들은 경제신문을 읽는다] 삼성전자, 6만원 안착은 언제쯤?"
96,"[어린이 건강기획] ① 본격 등교 시작, 우리 아이 '자가 면역력'은 필수"
97,"KRX BBIG K-뉴딜지수, 10월 한달 6% 이상 급락...코스피 하락폭 두배 넘어"
98,"녹십자 신풍제약 SK이노베이션 급등, '2차전지·바이오' 테마 강세...박셀바이..."
99,"윤성률 온라인팜(주) 물류 센터장, 국토교통부장관상 수상"
100,"안국약품, 유창수ㆍ김상욱 이사 신규 영입"
101,"[인사] 안국약품, 2030 뉴비전 달성을 위한 인재 영입"
102,"'결국 나왔다' 한미, 간암치료제 '넥사바' 첫 제네릭 내놔"
103,‘한미약품 호텔신라 풍산 종근당' 2일 증권가 리포트 브리핑
104,씨젠 유한양행 한미약품 셀트리온 상승세...바이오 업종 강세에 뉴딜지수↑
105,희비 갈린 3분기···유한·종근당 '만족' vs 동아·한미·대웅 '주춤'
106,안국약품 '가브스 제네릭' 우판권 효력시점 늦춰지나
107,한미 3Q 매출 2669억… 영업익·순이익 ‘적전’
108,"한미약품·메디톡스·대웅제약, 5년 속앓이 같은 날 끝…19일 최종판결"
109,"한미약품, 기억력·혈행 개선 도움주는 ‘한미 오메가3맥스’ 출시"
110,"안국약품, 유창수·김상욱 이사 영입…개량신약 개발 박차"
111,"한미약품, 기억력·혈행 개선 도움주는 ‘한미 오메가3맥스’ 출시"
112,"안국약품, 2030 뉴비전 달성을 위한 인재 영입"
113,"한미사이언스, 3분기 영업손실 36억원…적자전환"
114,"제약업계 ‘역대급’ 실적… GC녹십자, 9월까지 매출만 1조"
115,"제약사 3분기 실적, 코로나·기술수출이 갈랐다"
116,[데스크리포트] 11월 기업 동향과 전망-제약바이오
117,"'먹는' 치질약으로 시장 재편, 동국제약 '치센' 우뚝"
118,"[빅데이터MSI]시장심리 톱5, 녹십자·대우조선해양·KB금융·효성·삼성SDI"
119,"매출 상위권 4개 제약사, MBN 지분 1.82% 보유했다"
120,H2길항제 처방액 60% 급감...보령·동아 등 반사이익
121,"소식없는 국산신약 31호, 제약업계 도전 잰걸음"
122,"6000만명 글로벌 시장 잡아라… K 제약·바이오, 비알콜성 지방간염 치료제 개..."
123,"셀트리온헬스케어, 낮은 커뮤니티지수 보이며 선두권 진입 실패... 2020년 10..."
124,"국내 제약 트렌드, 3분기 실적으로 봤더니…"
125,"올해 3분기 제약 영업, 코로나19 영향 제한적"
126,'라니티딘 쇼크 1년' 항궤양제 요동...PPI 처방 26%↑
127,"[증시 마감] 코스피, 2340선 상승 마감…""기관·순매수 지수 견인"""
128,"""美 대선 D-1""...코스피 상승, 車 · 바이오 · 철강 · 은행주 '급등'"
129,"""바이오시대 개막?"" 올해 셀트리온 매출, 제약 1위 유한양행 넘길 듯"
130,신규확진 97명·6일만에 두자리…핼러윈영향 반영 안 돼
131,"AZ, 포시가 물질특허 무효취소 소송 敗…“특허법원 심결 유감”"
132,SK이노베이션 290억원 영업적자
133,‘제약 최악 실적 예상됐는데...’
134,제약과 바이오업계의 다양한 뉴스와 최신 이슈
135,"K-바이오, 기술수출로 5년간 33조 벌고…9조 뱉어냈다"
136,"[제약 바이오 이모저모] 삼성바이오로직스, 해외 첫 진출"
137,"13개 제약사, 포시가 우판권 지켰다…특허소송 2심 승소"
138,"신풍제약, 참여지수 대폭 하락하며 '빅3' 내려와... 2020년 10월 제약 상장기..."
139,제네릭 등장 5년...오메가3 의약품 처방액 2배 늘었다
140,제네릭 등장 5년...오메가3 의약품 처방액 2배 늘었다
141,"30호 이후 28개월… 국산 신약, 맥이 끊겼다"
142,3일 코스피 개인 순매매 상위종목(확정)
143,"코스피, 1.88% 오른 2343.31 마감...반도체·제약주 강세"
144,'모 아니면 도'? 3분기 국내 업계 실적 갈리나
145,3일 코스피 외국인 순매매 상위종목(확정)
146,비대면 진료 경증환자 증가 덕분? 고혈압 치료제 성장세 이어져
147,"""美 대선 시작""...코스피 급등, 반도체 · IT · 2차전지 '껑충'"
148,"코로나, 한국증시 '강타'... IT · 車 '급락' vs 삼성SDI · SK바이오팜 '상승..."
149,"[지난주 제약업계 주요이슈]삼성바이오, 美 샌프란시스코 위탁개발 R&D센터 개..."
150,'행정처분 전 밀어내기 영업' 이번엔 그냥 넘어가지 않는다?!
151,[의료기기 오픈이노베이션] J&J 오픈이노베이션 전략
152,시가총액 상위 종목 강세...녹십자 25% 급등하며 5일 연속 상승 '독보적'
153,[개장전] 증권사 추천주(11/2)
154,"[진짜 위기는 4Q] 제약업계, 3분기 호실적 '독보적'…외형성장 이어질 듯"
155,AI가 천기누설한 고성장 '바이오기술'은?
156,'빅카인즈'로 살펴본 상위 제약사 '코로나19 주목도'
157,"[위클리 제약·바이오] 삼성바이오로직스, 미국 CDO 연구센터 개소 外"
158,"업계 고대하던 포시가 특허 2심, 국내사 한번 더 웃었다"
159,"서울대, 언택트 학술제 ‘제1회 SNU바이오데이’ 개최…바이오역량 총집결"
160,"[부자들은 경제신문을 읽는다] 삼성전자, 6만원 안착은 언제쯤?"
161,"[어린이 건강기획] ① 본격 등교 시작, 우리 아이 '자가 면역력'은 필수"
162,"KRX BBIG K-뉴딜지수, 10월 한달 6% 이상 급락...코스피 하락폭 두배 넘어"
163,"녹십자 신풍제약 SK이노베이션 급등, '2차전지·바이오' 테마 강세...박셀바이..."
164,"윤성률 온라인팜(주) 물류 센터장, 국토교통부장관상 수상"
165,"윤성률 온라인팜(주) 물류 센터장, 국토교통부장관상 수상"
166,"윤성률 온라인팜(주) 물류 센터장, 국토교통부장관상 수상"
